<?xml version="1.0" encoding="utf-8" ?>
<Defs>

<ThingDef ParentName="HatMakeableBase">
    <defName>I_EMAIMask</defName>
    <label>Psychic Helmet</label>
    <description>Lost technology. Much like the chunks that fall from the sky and scream with a life of their own, so does this armour made from little more than wood, stone, and mechanites.</description>
    <techLevel>Neolithic</techLevel>
    <graphicData>
      <texPath>Things/Item/Apparel/AIMask</texPath>
      <graphicClass>Graphic_Single</graphicClass>
    </graphicData>
    <statBases>
      <WorkToMake>20000</WorkToMake>
      <MaxHitPoints>100</MaxHitPoints>
      <Mass>1.4</Mass>
     		 	<ArmorRating_Blunt>0.2</ArmorRating_Blunt>
		<ArmorRating_Sharp>0.30</ArmorRating_Sharp>
		<ArmorRating_Heat>0.2</ArmorRating_Heat>
		<Insulation_Cold>-12</Insulation_Cold>
		<Insulation_Heat>12</Insulation_Heat>
    </statBases>
    <equippedStatOffsets>

	     <MoveSpeed>-0.4</MoveSpeed>
      <ShootingAccuracy>-0.1</ShootingAccuracy>
      <AimingDelayFactor>-0.4</AimingDelayFactor>
		
    </equippedStatOffsets>
    <apparel>
      <bodyPartGroups>
        <li>FullHead</li>
      </bodyPartGroups>
      <wornGraphicPath>Things/Item/Apparel/AIMask</wornGraphicPath>
      <hatRenderedFrontOfFace>false</hatRenderedFrontOfFace>
      <layers>
        <li>Overhead</li>
      </layers>
      <tags>
        <li>MechaniteMagicAr</li>
      </tags>
      <defaultOutfitTags>
        <li>Soldier</li>
      </defaultOutfitTags>
    </apparel>

    <recipeMaker>

<researchPrerequisite>
<li>MM_Thinking</li>
</researchPrerequisite>

      <workSpeedStat>SculptingSpeed</workSpeedStat>
      <workSkill>Crafting</workSkill>
      <effectWorking>Sculpt</effectWorking>
      <soundWorking>Recipe_Sculpt</soundWorking>
      <recipeUsers>
        <li>CraftingSpot</li>
		<li>TableMachining</li>
      </recipeUsers>
      <unfinishedThingDef>UnfinishedSculpture</unfinishedThingDef>
    </recipeMaker>

	<costList>
		<I_EMMechanismS>4</I_EMMechanismS>
		<I_EMMechanismL>2</I_EMMechanismL>
		<I_EMMechSkin>15</I_EMMechSkin>
		<WoodLog>25</WoodLog>
		<I_EMSkull>1</I_EMSkull>
		<I_EMBlood>2</I_EMBlood>
	</costList>
	
  </ThingDef>

</Defs>