﻿<?xml version="1.0" encoding="utf-8" ?>
<Defs>

  <ManeuverDef>
    <defName>EM_PoisonStab</defName>
    <requiredCapacity>EM_PoisonStab</requiredCapacity>
    <verb>
      <verbClass>Verb_MeleeAttack</verbClass>
      <meleeDamageDef>EM_PoisonStab</meleeDamageDef>
    </verb>
    <combatLogRules>Maneuver_Slash</combatLogRules>
  </ManeuverDef>

  <ManeuverDef>
    <defName>EM_FlameStab</defName>
    <requiredCapacity>EM_FlameStab</requiredCapacity>
    <verb>
      <verbClass>Verb_MeleeAttack</verbClass>
      <meleeDamageDef>EM_FlameStab</meleeDamageDef>
    </verb>
    <combatLogRules>Maneuver_Slash</combatLogRules>
  </ManeuverDef>


  <ManeuverDef>
    <defName>EM_FearStab</defName>
    <requiredCapacity>EM_FearStab</requiredCapacity>
    <verb>
      <verbClass>Verb_MeleeAttack</verbClass>
      <meleeDamageDef>EM_FearStab</meleeDamageDef>
    </verb>
    <combatLogRules>Maneuver_Slash</combatLogRules>
  </ManeuverDef>


  <ManeuverDef>
    <defName>EM_SleepStab</defName>
    <requiredCapacity>EM_SleepStab</requiredCapacity>
    <verb>
      <verbClass>Verb_MeleeAttack</verbClass>
      <meleeDamageDef>EM_SleepStab</meleeDamageDef>
    </verb>
    <combatLogRules>Maneuver_Slash</combatLogRules>
  </ManeuverDef>
  
  
</Defs>
