<?xml version="1.0" encoding="utf-8" ?>
<Defs>


<HediffDef ParentName="InjuryBase">
		<defName>EM_Fear</defName>
		<label>afflicted</label>
    <labelNoun>a strange affliction</labelNoun>
    <comps>
      <li Class="HediffCompProperties_TendDuration">
        <labelTendedWell>banished</labelTendedWell>
        <labelTendedWellInner>steadied</labelTendedWellInner>
        <labelSolidTendedWell>steadied</labelSolidTendedWell>
      </li>
      <li Class="HediffCompProperties_Infecter">
        <infectionChance>0</infectionChance>
      </li>
      <li Class="HediffCompProperties_GetsOld">
        <oldLabel>lingering worry</oldLabel>
      </li>
    </comps>
		<injuryProps>
      <painPerSeverity>0.01</painPerSeverity>
      <averagePainPerSeverityOld>0.015</averagePainPerSeverityOld>
      <canMerge>true</canMerge>
			<destroyedLabel>Vanished?!</destroyedLabel>
			<destroyedOutLabel>Self-Harmed</destroyedOutLabel>
		</injuryProps>

<stages>
			<li>
			<!-- <minSeverity>0.01</minSeverity> -->
				<capMods>
					<li>
						
						<capacity>Consciousness</capacity>
						<offset>-0.02</offset>
					</li>	
					<li>	
					<capacity>Moving</capacity>
						<offset>-0.01</offset>	
					</li>					
				</capMods>
			</li>

<!--
			<li>
			<minSeverity>0.03</minSeverity>
				<capMods>
					<li>
						
						<capacity>Consciousness</capacity>
						<offset>-0.04</offset>
					</li>	
					<li>	
					<capacity>Moving</capacity>
						<offset>-0.02</offset>	
					</li>					
				</capMods>
			</li>
			<li>
			<minSeverity>0.05</minSeverity>
				<capMods>
					<li>
						<capacity>Consciousness</capacity>
						<offset>-0.06</offset>
					</li>	
					<li>	
					<capacity>Moving</capacity>
						<offset>-0.03</offset>	
					</li>					
				</capMods>
			</li>
-->
		</stages>



	</HediffDef>


<HediffDef ParentName="InjuryBase">
		<defName>EM_FearMelee</defName>
		<label>afflicted</label>
    <labelNoun>a strange affliction</labelNoun>
    <comps>
      <li Class="HediffCompProperties_TendDuration">
        <labelTendedWell>banished</labelTendedWell>
        <labelTendedWellInner>steadied</labelTendedWellInner>
        <labelSolidTendedWell>steadied</labelSolidTendedWell>
      </li>
      <li Class="HediffCompProperties_Infecter">
        <infectionChance>0</infectionChance>
      </li>
      <li Class="HediffCompProperties_GetsOld">
        <oldLabel>lingering worry</oldLabel>
      </li>
    </comps>
		<injuryProps>
      <painPerSeverity>0.01</painPerSeverity>
	<bleedRate>0.03</bleedRate>
      <averagePainPerSeverityOld>0.015</averagePainPerSeverityOld>
      <canMerge>true</canMerge>
			<destroyedLabel>Vanished?!</destroyedLabel>
			<destroyedOutLabel>Self-Harmed</destroyedOutLabel>
		</injuryProps>

<stages>
			<li>
				<capMods>
					<li>
						
						<capacity>Consciousness</capacity>
						<offset>-0.02</offset>
					</li>	
					<li>	
					<capacity>Moving</capacity>
						<offset>-0.01</offset>	
					</li>					
				</capMods>
			</li>

		</stages>



	</HediffDef>



 <ThoughtDef>
    <defName>EM_FearThought</defName>
    <workerClass>ThoughtWorker_Hediff</workerClass>
    <hediff>EM_Fear</hediff>
    <validWhileDespawned>true</validWhileDespawned>
    <stages>
      <li>
        <label>Something is watching me...</label>
        <description>I feel very uneasy.</description>
        <baseMoodEffect>-20</baseMoodEffect>
      </li>
    </stages>
  </ThoughtDef>




<HediffDef ParentName="InjuryBase">
		<defName>MM_Toxin</defName>
		<label>toxin</label>
    <labelNoun>a toxic wound</labelNoun>
    <comps>
      <li Class="HediffCompProperties_TendDuration">
        <labelTendedWell>countered</labelTendedWell>
        <labelTendedWellInner>neutralised</labelTendedWellInner>
        <labelSolidTendedWell>cured</labelSolidTendedWell>
      </li>
      <li Class="HediffCompProperties_Infecter">
        <infectionChance>0.05</infectionChance>
      </li>
      <li Class="HediffCompProperties_GetsOld">
        <oldLabel>discoloured patch</oldLabel>
      </li>
    </comps>
		<injuryProps>
      <painPerSeverity>0.005</painPerSeverity>
      <averagePainPerSeverityOld>0.01</averagePainPerSeverityOld>
      <canMerge>true</canMerge>
			<destroyedLabel>Necrotised</destroyedLabel>
			<destroyedOutLabel>Withered</destroyedOutLabel>
		</injuryProps>


	<stages>
			<li>
				<capMods>
					<li>
						<capacity>Consciousness</capacity>
						<offset>-0.05</offset>
					</li>								
				</capMods>
			</li>
		</stages>

	</HediffDef>



	<HediffDef ParentName="InjuryBase">
		<defName>MM_Scratch</defName>
		<label>scratch</label>
    <labelNoun>a torn wound</labelNoun>
	<tendable>true</tendable>
    <comps>
      <li Class="HediffCompProperties_TendDuration">
        <labelTendedWell>bandaged</labelTendedWell>
        <labelTendedWellInner>sutured</labelTendedWellInner>
        <labelSolidTendedWell>set</labelSolidTendedWell>
      </li>
      <li Class="HediffCompProperties_Infecter">
        <infectionChance>0.05</infectionChance>
      </li>
      <li Class="HediffCompProperties_GetsOld">
        <oldLabel>cut scar</oldLabel>
      </li>
    </comps>
		<injuryProps>
			<painPerSeverity>0.025</painPerSeverity>
      <averagePainPerSeverityOld>0.00625</averagePainPerSeverityOld>
			<bleedRate>0.02</bleedRate>
			<canMerge>false</canMerge>
			<destroyedLabel>Cut off</destroyedLabel>
			<destroyedOutLabel>Cut out</destroyedOutLabel>
		</injuryProps>
	</HediffDef>


	<HediffDef ParentName="InjuryBase">
		<defName>MM_Radiation</defName>
		<label>burn</label>
    <labelNoun>burn</labelNoun>
	<tendable>true</tendable>
    <comps>
      <li Class="HediffCompProperties_TendDuration">
        <labelTendedWell>bandaged</labelTendedWell>
        <labelTendedWellInner>sutured</labelTendedWellInner>
        <labelSolidTendedWell>set</labelSolidTendedWell>
      </li>
      <li Class="HediffCompProperties_Infecter">
        <infectionChance>0.07</infectionChance>
      </li>
      <li Class="HediffCompProperties_GetsOld">
        <oldLabel>burn scar</oldLabel>
      </li>
    </comps>
		<injuryProps>
			<painPerSeverity>0.025</painPerSeverity>
      <averagePainPerSeverityOld>0.00625</averagePainPerSeverityOld>
			<bleedRate>0.02</bleedRate>
			<canMerge>false</canMerge>
			<destroyedLabel>Cut off</destroyedLabel>
			<destroyedOutLabel>Cut out</destroyedOutLabel>
		</injuryProps>
	</HediffDef>
	

<HediffDef ParentName="InjuryBase">
		<defName>MM_Sleep</defName>
		<label>serum</label>
    <labelNoun>surgical wound</labelNoun>
    <comps>
      <li Class="HediffCompProperties_TendDuration">
        <labelTendedWell>shaken off</labelTendedWell>
        <labelTendedWellInner>flushed</labelTendedWellInner>
        <labelSolidTendedWell>countered</labelSolidTendedWell>
      </li>
      <li Class="HediffCompProperties_Infecter">
        <infectionChance>0.01</infectionChance>
      </li>
      <li Class="HediffCompProperties_GetsOld">
        <oldLabel>scar</oldLabel>
      </li>
    </comps>
		<injuryProps>
      <painPerSeverity>0.005</painPerSeverity>
      <averagePainPerSeverityOld>0.01</averagePainPerSeverityOld>
      <canMerge>true</canMerge>
			<destroyedLabel>Cut off</destroyedLabel>
			<destroyedOutLabel>Destroyed</destroyedOutLabel>
		</injuryProps>


	<stages>
			<li>
				<capMods>
					<li>
						<capacity>Consciousness</capacity>
						<offset>-0.07</offset>
					</li>								
				</capMods>
			</li>
		</stages>

	</HediffDef>


<HediffDef ParentName="InjuryBase">
		<defName>MM_SleepSmall</defName>
		<label>serum</label>
    <labelNoun>surgical wound</labelNoun>
    <comps>
      <li Class="HediffCompProperties_TendDuration">
        <labelTendedWell>shaken off</labelTendedWell>
        <labelTendedWellInner>flushed</labelTendedWellInner>
        <labelSolidTendedWell>countered</labelSolidTendedWell>
      </li>
      <li Class="HediffCompProperties_Infecter">
        <infectionChance>0.01</infectionChance>
      </li>
      <li Class="HediffCompProperties_GetsOld">
        <oldLabel>scar</oldLabel>
      </li>
    </comps>
		<injuryProps>
      <painPerSeverity>0.005</painPerSeverity>
      <averagePainPerSeverityOld>0.01</averagePainPerSeverityOld>
      <canMerge>true</canMerge>
			<destroyedLabel>Cut off</destroyedLabel>
			<destroyedOutLabel>Destroyed</destroyedOutLabel>
		</injuryProps>


	<stages>
			<li>
				<capMods>
					<li>
						<capacity>Consciousness</capacity>
						<offset>-0.02</offset>
					</li>								
				</capMods>
			</li>
		</stages>

	</HediffDef>



<HediffDef ParentName="InjuryBase">
		<defName>MM_Goop</defName>
		<label>acidic goop</label>
    <labelNoun>burn</labelNoun>
    <comps>
      <li Class="HediffCompProperties_TendDuration">
        <labelTendedWell>countered</labelTendedWell>
        <labelTendedWellInner>neutralised</labelTendedWellInner>
        <labelSolidTendedWell>cured</labelSolidTendedWell>
      </li>
      <li Class="HediffCompProperties_Infecter">
        <infectionChance>0.02</infectionChance>
      </li>
      <li Class="HediffCompProperties_GetsOld">
        <oldLabel>discoloured patch</oldLabel>
      </li>
    </comps>
		<injuryProps>
      <painPerSeverity>0.015</painPerSeverity>
      <averagePainPerSeverityOld>0.03</averagePainPerSeverityOld>
      <canMerge>true</canMerge>
			<destroyedLabel>Necrotised</destroyedLabel>
			<destroyedOutLabel>Withered</destroyedOutLabel>
		</injuryProps>


	<stages>
			<li>
				<capMods>
					<li>
						<capacity>Moving</capacity>
						<offset>-0.05</offset>
					</li>	
						<li>
						<capacity>Manipulation</capacity>
						<offset>-0.1</offset>	
						</li>						
				</capMods>
			</li>
		</stages>

	</HediffDef>


</Defs>



